,precision,recall,f1-score,support
Normal,0.6653846153846154,1.0,0.7990762124711316,173.0
Tumor,1.0,0.49710982658959535,0.6640926640926641,173.0
accuracy,0.7485549132947977,0.7485549132947977,0.7485549132947977,0.7485549132947977
macro avg,0.8326923076923076,0.7485549132947977,0.7315844382818979,346.0
weighted avg,0.8326923076923076,0.7485549132947977,0.7315844382818979,346.0
