Metric,Value
AUROC,0.8893715125797721
Accuracy,0.7427745664739884
Sensitivity,0.48554913294797686
Specificity,1.0
