,precision,recall,f1-score,support
Normal,0.6628352490421456,1.0,0.7972350230414746,173.0
Tumor,1.0,0.4913294797687861,0.6589147286821705,173.0
accuracy,0.7456647398843931,0.7456647398843931,0.7456647398843931,0.7456647398843931
macro avg,0.8314176245210728,0.7456647398843931,0.7280748758618225,346.0
weighted avg,0.8314176245210728,0.7456647398843931,0.7280748758618225,346.0
