Model,Genes,AUROC,Accuracy,F1,Sensitivity,Specificity,TN,FP,FN,TP
Logistic Regression,23,0.8942163119382538,0.7456647398843931,0.6589147286821705,0.4913294797687861,1.0,173,0,88,85
ANN,23,0.8848608373149788,0.8236994219653179,0.7918088737201365,0.6705202312138728,0.976878612716763,169,4,57,116
Random Forest,23,0.8067760366200006,0.5144508670520231,0.6731517509727627,1.0,0.028901734104046242,5,168,0,173
Gradient Boosting,23,0.7764041565037254,0.6445086705202312,0.4896265560165975,0.34104046242774566,0.9479768786127167,164,9,114,59
SVM,23,0.37091115640348826,0.5664739884393064,0.6951219512195121,0.9884393063583815,0.14450867052023122,25,148,2,171
