Holdout_Dataset,Samples,Tumor,Normal,AUROC,Accuracy,Sensitivity,Specificity
GSE24124,119,99,20,1.0,1.0,1.0,1.0
GSE32641,102,95,7,1.0,1.0,1.0,1.0
GSE36295,50,45,5,1.0,1.0,1.0,1.0
GSE42568,121,104,17,0.996606334841629,0.9752066115702479,0.9903846153846154,0.8823529411764706
GSE53752,76,51,25,1.0,1.0,1.0,1.0
